Esp;Nesp;France;Turquie;Espagne;Norfolk;Scientific name;Group;NomFR;GroupFR
Accnis;piaf;x;;;x;Accipiter nisus;bird;Epervier d'Europe;Autre
Acrsch;piaf;x;;;x;Acrocephalus schoenobaenus;bird;Phragmite des joncs;Autre
Acrsci;piaf;x;;;x;Acrocephalus scirpaceus;bird;Rousserolle effarvatte;Autre
Acthyp;piaf;x;;;x;Actitis hypoleucos;bird;Chevalier guignette;Autre
Aegcau;piaf;x;x;x;x;Aegithalos caudatus;bird;Mésange à longue queue;Autre
Alaarv;piaf;x;;;x;Alauda arvensis;bird;Alouette des champs;Autre
Alcatt;piaf;x;x;x;x;Alcedo atthis;bird;Martin-pêcheur d'Europe;Autre
Aleruf;piaf;x;;;x;Alectoris rufa;bird;Perdrix rouge;Autre
Aloaeg;piaf;x;;;x;Alopochen aegyptiaca;bird;Ouette d'Egypte;Autre
amph;amph;x;x;x;x;Amphibia sp.;frog;Amphibien sp.;Autre
Anacre;piaf;x;;;x;Anas crecca;bird;Sarcelle d'hiver;Autre
Anapen;piaf;x;;;x;Anas penelope;bird;Canard siffleur;Autre
Anapla;piaf;x;;;x;Anas platyrhynchos;bird;Canard colvert;Autre
Ansans;piaf;x;;;x;Anser anser;bird;Oie cendrée;Autre
Ansbra;piaf;x;;;x;Anser brachyrhynchus;bird;Oie à bec court;Autre
Antcam;piaf;x;;;;Anthus campestris;bird;Pipit rousseline;Autre
Anthiu;Antius;x;;x;;Antaxius spinibrachius;bush-cricket;Antaxie voyageuse;Sauterelle
Antius;Antius;x;;x;;Antaxius spinibrachius;bush-cricket;Antaxie voyageuse;Sauterelle
Antped;Antped;x;;;;Antaxius pedestris;bush-cricket;Antaxie marbree;Sauterelle
Antpet;piaf;x;x;;;Anthus petrosus;bird;Pipit maritime;Autre
Antpra;piaf;x;;;x;Anthus pratensis;bird;Pipit farlouse;Autre
Antric;piaf;x;x;x;x;Anthus richardi;bird;Pipit de Richard;Autre
Antsor;Antsor;x;;;;Antaxius sorrezensis;bush-cricket;Antaxie cevenole;Sauterelle
Anttri;piaf;x;;;x;Anthus trivialis;bird;Pipit des arbres;Autre
Apimel;Apimel;x;;;x;Apis mellifera;bee;Abeille domestique;Autre
Apoagr;Aposp;x;;;;Apodemus agrarius;other mammal;Mulot rayé;Autre
Apofla;Aposp;x;x;x;;Apodemus flavicollis;other mammal;Mulot à collier;Autre
Aposp;Aposp;x;x;x;x;Apodemus sp.;other mammal;Mulot sp.;Autre
Aposyl;Aposp;x;x;x;x;Apodemus sylvaticus;other mammal;Mulot sylvestre;Autre
Apuapu;piaf;x;x;x;x;Apus apus;bird;Martinet noir;Autre
Apupal;piaf;x;;;;Apus pallidus;bird;Martinet pâle;Autre
Ardcin;piaf;x;;;x;Ardea cinerea;bird;Héron cendré;Autre
Asiotu;piaf;x;;;x;Asio otus;bird;Hibou moyen-duc;Autre
Athnoc;piaf;x;;;x;Athene noctua;bird;Chévêche d'Athéna;Autre
Barbar;Barbar;x;x;x;x;Barbastella barbastellus;bat;Barbastelle d'Europe;Chauve-souris
Barfis;Barfis;x;;;;Barbitistes fischeri;bush-cricket;Barbitiste languedocien;Sauterelle
Barsan;Barsan;x;;x;;Barbitistes 'sanzii';bush-cricket;Barbitiste cryptique;Sauterelle
Barser;Barser;x;;x;;Barbitistes serricauda;bush-cricket;Barbitiste des bois;Sauterelle
Bicbic;Bicbic;x;;x;;Bicolorana bicolor;bush-cricket;Decticelle bicolore;Sauterelle
bird;piaf;;;;x;bird;bird;Oiseau sp.;Autre
Bostau;Bostau;x;;;x;Bos taurus;other mammal;Butor étoilé;Autre
Bracan;piaf;x;;;x;Branta canadensis;bird;Bernache du Canada;Autre
Buroed;piaf;x;;;x;Burhinus oedicnemus;bird;Oedicnème criard;Autre
Butbut;piaf;x;;;x;Buteo buteo;bird;Buse variable;Autre
buzz;noise;x;x;x;x;insect wingbeats;noise;bourdonnement;Autre
Canfam;mamm;x;x;x;x;Canis lupus familiaris;other mammal;Chien;Autre
Cansp.;Cansp.;x;;;x;Lampyris sp.;beetle;Lampyre sp.;Autre
Capcap;Capcap;x;;;x;Capreolus capreolus;other mammal;Chevreuil;Autre
Capeur;piaf;x;;;x;Caprimulgus europaeus;bird;Engoulevent d'Europe;Autre
Cappyr;Cappyr;x;;;;Capra pyrenaica;other mammal;Bouquetin d'Espagne;Autre
car;noise;x;x;x;x;vehicle;noise;véhicule;Autre
Carcar;piaf;x;x;x;x;Carduelis carduelis;bird;Chardonneret élégant;Autre
Cerbra;piaf;x;x;x;x;Certhia brachydactyla;bird;Grimpereau des jardins;Autre
Cerela;Cerela;x;;;x;Cervus elaphus;other mammal;Cerf élaphe;Autre
Cetcet;piaf;x;x;x;x;Cettia cettia;bird;Bouscarle de Cetti;Autre
Chahia;piaf;x;;;x;Charadrius hiaticula;bird;Grand Gravelot;Autre
chirp;chirp;x;;;;chirp;noise;chirp;Autre
Chlchl;piaf;x;x;x;x;Chloris chloris;bird;Verdier d'Europe;Autre
Chlhyb;piaf;x;;;;Chlidonias hybridus;bird;Guifette moustac;Autre
Chobru;criq;x;;;x;Chorthippus brunneus;grasshopper;Criquet duettiste;Autre
Chovag;criq;x;x;x;x;Chorthippus vagans;grasshopper;Criquet des pins;Autre
Chrrid;piaf;x;;;x;Chroicocephalus ridibundus;bird;Mouette rieuse;Autre
Cicatr;Cicatr;x;x;x;;Cicadatra atra;cicada;Cigale noire;Autre
Cicorn;Cicorn;x;x;x;;Cicada orni;cicada;Cigale grise;Autre
Cincin;piaf;x;;;x;Cinclus cinclus;bird;Cincle plongeur;Autre
Ciraer;piaf;x;;;x;Circus aeruginosus;bird;Busard des roseaux;Autre
Cisjun;piaf;x;x;x;x;Cisticola juncidis;bird;Cisticole des joncs;Autre
Coccoc;piaf;x;;;x;Coccothraustes coccothraustes;bird;Grosbec casse-noyaux;Autre
Colpal;piaf;x;;;x;Columba palumbus;bird;Pigeon ramier;Autre
Concon;Concon;x;x;x;;Conocephalus conocephalus;bush-cricket;Conocéphale africain;Sauterelle
Condor;Condor;x;x;x;x;Conocephalus dorsalis;bush-cricket;Conocephale des marais;Sauterelle
Confus;Confus;x;;x;x;Conocephalus fuscus;bush-cricket;Conocephale bigarre;Sauterelle
Corcho;Epheph;x;;;;Corsteropleurus chopardi;bush-cricket;Ephippigère corse;Sauterelle
Corfru;piaf;x;;;x;Corvus frugilegus;bird;Corbeau freux;Autre
Cormon;piaf;x;;;x;Corvus monedula;bird;Choucas des tours;Autre
Cornix;piaf;x;x;x;x;Corvus cornix;bird;Corneille mantelée;Autre
Corone;piaf;x;;;x;Corvus corone;bird;Corneille noire;Autre
Corrax;piaf;x;x;x;x;Corvus corax;bird;Grand Corbeau;Autre
Cotcot;piaf;x;;;x;Coturnix coturnix;bird;Caille des blés;Autre
criq;criq;x;x;x;x;Caelifera sp.;grasshopper;Criquet sp.;Autre
Crorus;Mussp;x;x;x;x;Crocidura russula;other mammal;Crocidure musette;Autre
Cuccan;piaf;x;;;x;Cuculus canorus;bird;Coucou gris;Autre
Culimp;Culimp;x;;;x;Culicoides impunctatus;fly;Moustique;Autre
Cyacae;piaf;x;x;x;x;Cyanistes caerulea;bird;Mésange bleue;Autre
Cympud;Cympud;x;;x;;Cymbalophora pudica;moth;Ecaille pudique;Autre
Cyrscu;Cyrscu;x;;x;;Cyrtaspis scutatus;bush-cricket;Meconeme a bouclier;Sauterelle
Decalb;Decalb;x;x;x;;Decticus albifrons;bush-cricket;Dectique a front blanc;Sauterelle
Delurb;piaf;x;;;x;Delichon urbica;bird;Hirondelle de fenêtre;Sauterelle
Denmaj;piaf;x;x;x;x;Dendrocopos major;bird;Pic épeiche;Autre
Denmin;piaf;x;;;x;Dendrocopos minor;bird;Pic épeichette;Autre
Egrgar;piaf;x;;;x;Egretta garzetta;bird;Aigrette garzette;Autre
elec;noise;x;x;x;x;electronical noise;noise;parasite;Autre
Embcae;piaf;x;x;x;x;Emberiza caesia;bird;Bruant cendrillard;Autre
Embcal;piaf;x;x;x;x;Emberiza calandra;bird;Bruant proyer;Autre
Embcia;piaf;x;;;;Emberiza cia;bird;Bruant fou;Autre
Embcir;piaf;x;x;x;x;Emberiza cirlus;bird;Bruant zizi;Autre
Embcit;piaf;x;x;x;x;Emberiza citrinella;bird;Bruant jaune;Autre
Embhor;piaf;x;;;;Emberiza hortulana;bird;Bruant ortolan;Autre
Embsch;piaf;x;x;x;x;Emberiza schoeniclus;bird;Bruant des roseaux;Autre
Epheph;Epheph;x;;x;;Ephippiger ephippiger;bush-cricket;Ephippigere des vignes;Sauterelle
Eptana;Eptnil;x;x;;;Eptesicus anatolicus;bat;Serotine d'Anatolie;Chauve-souris
Eptisa;Eptisa;;;x;;Eptesicus isabellinus;bat;Serotine isabelle;Chauve-souris
Eptnil;Eptnil;x;;x;;Eptesicus nilssonii;bat;Sérotine boréale;Chauve-souris
Eptser;Eptser;x;x;x;x;Eptesicus serotinus;bat;Serotine commune;Chauve-souris
Equasi;Equasi;x;;;x;Equus asinus;other mammal;Ane;Autre
Equfer;Equfer;x;;;x;Equus ferus;other mammal;Cheval;Autre
Erieur;Erieur;x;;;x;Erinaceus europaeus;other mammal;Hérisson d'Europe;Autre
Erirub;piaf;x;x;x;x;Erithacus rubecula;bird;Rougegorge familier;Autre
Euccho;criq;x;x;x;x;Euchorthippus chopardii;grasshopper;Criquet des bragalous;Autre
Eucele;criq;x;;;;Euchorthippus elegantulus;grasshopper;Criquet blafard;Autre
Eugpip;gril;x;;;;Eugryllodes pipiens;ground-cricket;Grillon de montagne;Autre
Eumbor;gril;x;x;x;;Eumodycogryllus bordigalensis;ground-cricket;Grillon bordelais;Autre
Eupcha;Eupsp;x;x;;;Eupholidoptera chabrieri;bush-cricket;Decticelle splendide;Sauterelle
Eupsp;Eupsp;x;x;;;Eupholidoptera sp.;bush-cricket;Decticelle splendide;Sauterelle
Euptyr;Eupsp;x;x;x;;Eupholidoptera tyrrhenica;bush-cricket;Decticelle corse;Sauterelle
Falsub;piaf;x;;;x;Falco subbuteo;bird;Faucon hobereau;Autre
Faltin;piaf;x;;;x;Falco tinnunculus;bird;Faucon crécerelle;Autre
Fricoe;piaf;x;x;x;x;Fringilla coelebs;bird;Pinson des arbres;Autre
Frimon;piaf;x;x;x;x;Fringilla montifringilla;bird;Pinson du Nord;Autre
Fulatr;piaf;x;;;x;Fulica atra;bird;Foulque macroule;Autre
Galchl;piaf;x;;;x;Gallinula chloropus;bird;Gallinule poule-d'eau;Autre
Galdom;piaf;x;;;x;Gallus gallus;bird;Poule;Autre
Galgal;piaf;x;;;x;Gallinago gallinago;bird;Bécassine des marais;Autre
Gargla;piaf;x;;;x;Garrulus glandarius;bird;Geai des chênes;Autre
gril;gril;x;x;x;x;Gryllidae sp.;ground-cricket;grillon sp.;Autre
Grugru;piaf;x;;;x;Grus grus;bird;Grue cendrée;Autre
Grybim;gril;x;;;;Gryllus bimaculatus;ground-cricket;Grillon de Provence;Autre
Grycam;gril;x;x;x;;Gryllus campestris;ground-cricket;Grillon champêtre;Autre
gunsht;gunsht;x;;;x;Gun shot;noise;Tir;Autre
Haeost;piaf;x;;;x;Haematopus ostralegus;bird;Huitrier pie;Autre
Hippol;piaf;x;;;;Hippolais polyglotta;bird;Hypolaïs polyglotte;Autre
Hirrus;piaf;x;;;x;Hirundo rustica;bird;Hirondelle rustique;Autre
Homsap;mamm;x;x;x;x;Homo sapiens;other mammal;voix;Autre
Hylmer;amph;x;;x;;Hyla meridionalis;frog;Rainette méridionale;Autre
Hypsav;Hypsav;x;x;x;;Hypsugo savii;bat;Vespere de Savi;Chauve-souris
Insp10;Insp10;x;x;x;x;Insect sp.10;insect;Insecte sp. type 10;Autre
Insp11;Insp11;x;x;x;x;Insect sp.11;insect;Insecte sp. type 11;Autre
Insp12;Insp12;x;x;x;x;Insect sp.12;insect;Insecte sp. type 12;Autre
Inssp1;Inssp1;x;;x;x;Insect sp.1;insect;Insecte sp. type 1;Autre
Inssp2;Inssp2;x;;x;x;Insect sp.2;insect;Insecte sp. type 2;Autre
Inssp5;Inssp5;x;;x;x;Insect sp.5;insect;Insecte sp. type 5;Autre
Inssp6;Inssp6;x;;x;x;Insect sp.6;insect;Insecte sp. type 6;Autre
Inssp7;Inssp7;x;;x;x;Insect sp.7;insect;Insecte sp. type 7;Autre
Inssp8;Inssp8;x;x;x;x;Insect sp. 8;insect;Insecte sp. type 8;Autre
Inssp9;Inssp9;x;x;x;x;Insect sp. 9;insect;Insecte sp. type 9;Autre
INSSPE;INSSPE;x;;;x;Insect spp;insect;Insecte sp.;Autre
InsTu1;InsTu1;;x;;;Insect sp. from Turkey 1;insect;Insecte sp. Tu1;Autre
Isopyr;Isopyr;x;x;x;;Isophya pyrenea;bush-cricket;Barbatiste pyreneen;Sauterelle
Jyntor;piaf;x;;;;Jinx torquilla;bird;Torcol fourmilier;Autre
Lamsp.;Lamsp.;x;x;x;x;Lampyris sp.;beetle;Lampyre sp.;Autre
Lanmer;piaf;x;;;;Lanius meridionalis;bird;Pie-grièche méridionale;Autre
Lansen;piaf;x;;;;Lanius senator;bird;Pie-grièche à tête rousse;Autre
Lararg;piaf;x;;;x;Larus argentatus;bird;Goéland argenté;Autre
Larmic;piaf;x;;;;Larus michahellis;bird;Goéland leucophée;Autre
Lepalb;Lepalb;x;x;;;Leptophyes albovittata;bush-cricket;Sauterelle rayee;Sauterelle
Lepbos;Lepbos;x;;;;Leptophyes boscii;bush-cricket;Sauterelle sarmate;Sauterelle
Leppun;Leppun;x;;x;x;Leptophyes punctatissima;bush-cricket;Sauterelle ponctuee;Sauterelle
Limlap;piaf;x;x;x;x;Limosa lapponica;bird;Barge rousse;Autre
Lincan;piaf;x;;;x;Linaria cannabina;bird;Linotte mélodieuse;Autre
Llusta;Llusta;;;x;;Lluciapomaresius stalii;bush-cricket;Ephippigere de Stal;Sauterelle
Loclus;piaf;x;;;x;Locustella luscinoides;bird;Locustelle luscinoïde;Autre
Locnae;piaf;x;;;x;Locustella naevia;bird;Locustelle tachetée;Autre
Lopcri;piaf;x;x;x;x;Lophophanes cristatus;bird;Mésange huppée;Autre
Loxcur;piaf;x;;;x;Loxia curvirostra;bird;Beccroisé des sapins;Autre
Lularb;piaf;x;;;x;Lullula arborea;bird;Alouette lulu;Autre
Lusmeg;piaf;x;x;x;x;Luscinia megarhynchos;bird;Rossignol philomèle;Autre
Lyrple;Lyrple;x;x;x;;Lyristes plebejus;cicada;Cigale commune;Autre
mamm;mamm;x;x;x;x;Mammalia sp.;other mammal;Mammifere sp.;Autre
Marfoi;Marfoi;x;;;;Martes foina;other mammal;Fouine;Autre
mec;noise;x;x;x;x;mechanical noise;noise;autre bruit;Autre
Merapi;piaf;x;;;;Merops apiaster;bird;Guêpier;Autre
Metbra;Metbra;x;;;x;Metrioptera brachyptera;bush-cricket;Decticelle des bruyeres;Sauterelle
Metsau;Metsau;x;x;x;;Metrioptera saussuriana;bush-cricket;Decticelle des alpages;Sauterelle
Micagr;Micagr;x;x;x;x;Microtus agrestis;other mammal;Campagnol agreste;Autre
Micmin;Micmin;x;;;x;Micromys minutus;other mammal;Rat des moissons;Autre
Mimasp;Mimasp;x;;;x;Small mammal spp;other mammal;Micromammifère sp.;Autre
Minsch;Minsch;x;x;x;;Miniopterus schreibersii;bat;Minioptere;Chauve-souris
mixed;mixed;;;;x;mixed;noise;mix;Autre
Mmasp1;mamm;x;x;x;x;micromammals sp.1;other mammal;Micromammifère type 1;Autre
Mmasp2;mamm;x;x;x;x;micromammals sp.2;other mammal;Micromammifère type 2;Autre
Mmasp3;mamm;x;x;x;x;micromammals sp.3;other mammal;Micromammifère type 3;Autre
Mmasp4;mamm;x;x;x;x;micromammals sp.4;other mammal;Micromammifère type 4;Autre
MmaTu1;mamm;x;x;x;;micromammals sp. from Turkey 1;other mammal;Micromammifère de Turquie type 1;Autre
Motalb;piaf;x;;;x;Motacilla alba;bird;Bergeronnette grise;Autre
Motcin;piaf;x;x;x;x;Motacilla cinerea;bird;Bergeronnette des ruisseaux;Autre
Motfla;piaf;x;x;x;x;Motacilla flava;bird;Bergeronnette printanière;Autre
Munree;Munree;;;;x;Muntiacus reevesi;other mammal;Muntjac;Autre
Mussp;Mussp;x;x;x;x;Soricidae sp.;other mammal;Musaraigne sp.;Autre
Musstr;piaf;x;;;x;Muscicapa striata;bird;Gobemouche gris;Autre
Myoalc;Myoalc;x;x;x;x;Myotis alcathoe;bat;Murin d'Alcathoe;Chauve-souris
Myobec;Myobec;x;x;x;x;Myotis bechsteinii;bat;Murin de Bechstein;Chauve-souris
Myobly;MyoGT;x;x;x;;Myotis blythii;bat;Petit Murin;Chauve-souris
Myobra;Myomys;x;x;;x;Myotis brandtii;bat;Murin de Brandt;Chauve-souris
Myocap;Myocap;x;x;x;;Myotis capaccinii;bat;Murin de Capaccini;Chauve-souris
Myocoy;Myocoy;x;;;;Myocastor coypus;other mammal;Rat musqué;Autre
Myodas;Myodas;x;x;;;Myotis dasycneme;bat;Murin des marais;Chauve-souris
Myodau;Myodau;x;x;x;x;Myotis daubentonii;bat;Murin de Daubenton;Chauve-souris
Myoema;Myoema;x;x;x;x;Myotis emarginatus;bat;Murin a oreilles echancrees;Chauve-souris
MyoGT;MyoGT;x;x;x;x;Myotis cf. myotis;bat;Murin de grande taille;Chauve-souris
Myomyo;MyoGT;x;x;x;;Myotis myotis;bat;Grand Murin;Chauve-souris
Myomys;Myomys;x;x;x;x;Myotis mystacinus;bat;Murin a moustaches;Chauve-souris
Myonat;Myonat;x;x;;x;Myotis nattereri;bat;Murin groupe Natterer;Chauve-souris
MyospA;Myonat;x;x;x;x;Myotis sp. A ('southern' Natterer);bat;Murin sp. A;Chauve-souris
Nemsyl;gril;x;;;;Nemobius sylvestris;ground-cricket;Grillon des bois;Autre
noise;noise;x;x;x;x;noise;noise;bruit;Autre
Numarq;piaf;x;;;x;Numenius arquata;bird;Courlis cendré;Autre
Numtor;piaf;x;;;x;Numenius phaeoptus;bird;Courlis corlieu;Autre
Nyclas;Nyclas;x;x;x;;Nyctalus lasiopterus;bat;Grande Noctule;Chauve-souris
Nyclei;Nyclei;x;x;x;x;Nyctalus leisleri;bat;Noctule de Leisler;Chauve-souris
Nycnoc;Nycnoc;x;x;x;x;Nyctalus noctula;bat;Noctule commune;Chauve-souris
Odomac;Odomac;;;x;;Odontura macphersoni;bush-cricket;Sauterelle de MacPherson;Sauterelle
Oecpel;gril;x;;;;Oecanthus pellucens;ground-cricket;Grillon d'Italie;Autre
Oenoen;piaf;x;;;;Oenanthe oenanthe;bird;Traquet motteux;Autre
Omovir;criq;x;x;x;x;Omocestus viridulus;grasshopper;Criquet verdelet;Autre
Oriori;piaf;x;x;x;x;Oriolus oriolus;bird;Loriot d'Europe;Autre
Ortsp.;Ortsp.;x;x;x;x;Orthoptera sp.;insect;Orthoptère sp.;Autre
Otusco;piaf;x;;;;Otus scops;bird;Petit-duc scops;Autre
Oviari;Oviari;x;;;x;Ovis aries;other mammal;Mouton;Autre
Panbia;piaf;x;x;x;x;Panurus biarmicus;bird;Panure à moustaches;Autre
Parmaj;piaf;x;x;x;x;Parus major;bird;Mésange charbonnière;Autre
Pasdom;piaf;x;x;x;x;Passer domesticus;bird;Moineau domestique;Autre
Pavcri;piaf;x;;;x;Pavo cristatus;bird;Paon bleu;Autre
Pelbed;amph;x;x;x;x;Pelophylax bedriagae;frog;Grenouille de Bedriaga;Autre
Pelesc;amph;x;;;;Pelophylax esculantus;frog;Grenouille verte;Autre
Pelgra;amph;x;;x;;Pelophylax grafi;frog;Grenouille de Graf;Autre
Pelrid;amph;x;x;x;x;Pelophylax ridibundus;frog;Grenouille rieuse;Autre
Perate;piaf;x;x;x;x;Periparus ater;bird;Mésange noire;Autre
Pernap;piaf;x;;;;Pernis apivorus;bird;Bondrée apivore;Autre
Phacol;piaf;x;;;x;Phasianus colchicus;bird;Faisan de Colchide;Autre
Phafal;Phafal;x;x;x;;Phaneroptera falcata;bush-cricket;Phaneroptere commun;Sauterelle
Phanan;Phanan;x;x;x;;Phaneroptera nana;bush-cricket;Phaneroptere meridional;Sauterelle
Phofem;Phofem;x;x;;;Pholidoptera femorata;bush-cricket;Decticelle des friches;Sauterelle
Phogri;Phogri;x;x;x;x;Pholidoptera griseoaptera;bush-cricket;Decticelle cendree;Sauterelle
Phooch;piaf;x;;;;Phoenicurus ochruros;bird;Rougequeue noir;Autre
Phopho;piaf;x;x;x;x;Phoenicurus phoenicurus;bird;Rougequeue à front blanc;Autre
Phybon;piaf;x;;;;Phylloscopus bonelli;bird;Pouillot de Bonelli;Autre
Phycol;piaf;x;x;x;x;Phylloscopus collybita;bird;Pouillot véloce;Autre
Physib;piaf;x;;;x;Phylloscopus sibilatrix;bird;Pouillot siffleur;Autre
Phytro;piaf;x;;;x;Phylloscopus trochilus;bird;Pouillot fitis;Autre
piaf;piaf;x;x;x;x;Aves sp.;bird;Oiseau sp.;Autre
Picpic;piaf;x;x;x;x;Pica pica;bird;Pie bavarde;Autre
Picvir;piaf;x;;;x;Picus viridis;bird;Pic vert;Autre
Pipkuh;Pipkuh;x;x;x;x;Pipistrellus kuhlii;bat;Pipistrelle de Kuhl;Chauve-souris
Pipmad;Pipmad;;;;;Pipistrellus madeirensis;bat;Pipistrelle de Madère;Chauve-souris
Pipnat;Pipnat;x;x;x;x;Pipistrellus nathusii;bat;Pipistrelle de Nathusius;Chauve-souris
Pippip;Pippip;x;x;x;x;Pipistrellus pipistrellus;bat;Pipistrelle commune;Chauve-souris
Pippyg;Pippyg;x;x;x;x;Pipistrellus pygmaeus;bat;Pipistrelle soprane;Chauve-souris
Plaaff;Plaaff;x;;x;;Platycleis affinis;bush-cricket;Decticelle cotiere;Sauterelle
Plaalb;Plaalb;x;;x;x;Platycleis albopunctata;bush-cricket;Decticelle chagrinee;Sauterelle
Plafal;Plafal;x;;x;;Platycleis falx;bush-cricket;Decticelle a serpe;Sauterelle
Plaibe;Plaibe;;;x;;Platycleis iberica;bush-cricket;Decticelle iberique;Sauterelle
Plaint;Plaint;x;;x;;Platycleis intermedia;bush-cricket;Decticelle intermediaire;Sauterelle
plane;plane;x;x;x;x;plane;noise;Avion;Autre
Plasab;Plasab;x;;x;;Platycleis sabulosa;bush-cricket;Decticelle des sables;Sauterelle
Pleaur;Pleaur;x;;x;x;Plecotus auritus;bat;Oreillard roux;Chauve-souris
Pleaus;Pleaus;x;;x;x;Plecotus austriacus;bat;Oreillard gris;Chauve-souris
Plekol;Plekol;;x;;;Plecotus kolombatovici;bat;Oreillard des Balkans;Chauve-souris
Plemac;Plemac;x;x;x;;Plecotus macrobullaris;bat;Oreillard montagnard;Chauve-souris
Pluapr;piaf;x;;;x;Pluvialis apricaria;bird;Pluvier doré;Autre
Poepal;piaf;x;x;x;x;Poecilus palustris;bird;Mésange nonnette;Autre
Porpor;piaf;x;;;x;Porzana porzana;bird;Marouette ponctuée;Autre
Prumod;piaf;x;x;x;x;Prunella modularis;bird;Accenteur mouchet;Autre
Ptebon;Ptebon;x;;;;Pterolepis bonfilsi;bush-cricket;Decticelle d'Evisa;Sauterelle
Ptecor;Ptecor;x;;;;Pterolepis corsicana;bush-cricket;Decticelle de Porto-Vecchio;Sauterelle
Pteger;Pteger;x;x;;;Pterolepis germanica;bush-cricket;Decticelle orientale;Sauterelle
Ptegra;Ptegra;;x;x;;Pterolepis grallata;bush-cricket;Decticelle a pattes fines;Sauterelle
Ptehey;gril;x;x;x;;Pteronemobius heydenii;ground-cricket;Grillon des marais;Autre
Ptepon;Ptepon;x;x;x;;Pterolepis poneli;bush-cricket;Decticelle varoise;Sauterelle
Ptyrup;piaf;x;;;;Ptyonoprogne fuligula;bird;Hirondelle de rochers;Autre
Pycgos;piaf;x;x;x;;Pycnonotus xanthopygos;bird;Bulbul d'Arabie;Autre
Pycjug;Pycjug;;;x;;Pycnogaster jugicola;bush-cricket;Ephippigere droite;Sauterelle
Pyrpyr;piaf;x;;;x;Pyrrhula pyrrhula;bird;Bouvreuil pivoine;Autre
Pyrrax;piaf;x;x;x;x;Pyrrhocorax pyrrhocorax;bird;Crave à bec rouge;Autre
radio;radio;x;x;x;x;radio;noise;Radio;Autre
rain;noise;x;x;x;x;rain;noise;pluie;Autre
Ralaqu;piaf;x;;;x;Rallus aquaticus;bird;Râle d'eau;Autre
Ratnor;Ratnor;x;x;x;x;Rattus norvegicus;other mammal;Surmulot;Autre
Regign;piaf;x;x;x;x;Regulus ignicapillus;bird;Roitelet triple-bandeau;Autre
Regreg;piaf;x;x;x;x;Regulus regulus;bird;Roitelet huppé;Autre
Rhaann;Rhaann;x;x;x;x;Rhacocleis annulata;bush-cricket;Decticelle annelée;Sauterelle
Rhibla;Rhibla;;x;;;Rhinolophus blasii;bat;Rhinolophe de Blasius;Chauve-souris
Rhieur;Rhieur;x;x;x;;Rhinolophus euryale;bat;Rhinolophe euryale;Chauve-souris
Rhifer;Rhifer;x;x;x;x;Rhinolophus ferrumequinum;bat;Grand Rhinolophe;Chauve-souris
Rhihip;Rhihip;x;x;x;x;Rhinolophus hipposideros;bat;Petit Rhinolophe;Chauve-souris
Rhimeh;Rhimeh;;x;x;;Rhinolophus mehelyi;bat;Rinolophe de Mehely;Chauve-souris
river;noise;x;x;x;x;watercourse;noise;cours d'eau;Autre
RodTu1;mamm;x;x;x;;Rodentia sp. from Turkey 1;other mammal;Rongeur de Turquie type 1;Autre
Roeroe;Roeroe;x;x;x;x;Roeseliana roeselii;bush-cricket;Decticelle bariolee;Sauterelle
Rusnit;Rusnit;x;x;x;x;Ruspolia nitidula;bush-cricket;Conocephale gracieux;Sauterelle
SauIn1;SauIn1;;;;;Tettigoniidae sp. from India 1;bush-cricket;Sauterelle sp. In1;Sauterelle
SauIn2;SauIn2;;;;;Tettigoniidae sp. from India 2;bush-cricket;Sauterelle sp. In2;Sauterelle
SauIn3;SauIn3;;;;;Tettigoniidae sp. from India 3;bush-cricket;Sauterelle sp. In3;Sauterelle
SauTu4;SauTu4;;x;;;Tettigoniidae sp. from Turkey 4;bush-cricket;Sauterelle sp. Tu4;Sauterelle
SauTu5;SauTu5;;x;;;Tettigoniidae sp. from Turkey 5;bush-cricket;Sauterelle sp. Tu5;Sauterelle
SauTu6;SauTu6;;x;;;Tettigoniidae sp. from Turkey 6;bush-cricket;Sauterelle sp. Tu6;Sauterelle
SauTu7;SauTu7;;x;;;Tettigoniidae sp. from Turkey 7;bush-cricket;Sauterelle sp. Tu7;Sauterelle
SauTurquiesp1;SauTurquiesp1;;x;;;Tettigoniidae sp. from Turkey 1;bush-cricket;Sauterelle sp. Tu1;Sauterelle
SauTurquiesp2;SauTurquiesp2;;x;;;Tettigoniidae sp. from Turkey 2;bush-cricket;Sauterelle sp. Tu2;Sauterelle
SauTurquiesp3;SauTurquiesp3;;x;;;Tettigoniidae sp. from Turkey 3;bush-cricket;Sauterelle sp. Tu3;Sauterelle
Saxrube;piaf;x;;;x;Saxicola rubetra;bird;Tarier des prés;Autre
Saxrubi;piaf;x;;;x;Saxicola rubicola;bird;Tarier pâtre;Autre
Scorus;piaf;x;;;x;Scolopax rusticola;bird;Bécasse des bois;Autre
Sepsep;Sepsep;x;;x;;Sepiana sepium;bush-cricket;Decticelle echassiere;Sauterelle
Serser;piaf;x;x;x;x;Serinus serinus;bird;Serin cini;Autre
Siteur;piaf;x;x;x;x;Sitta europaea;bird;Sittelle torchepot;Autre
Sorcor;Mussp;x;x;x;x;Soricinus coronatus;bush-cricket;Musaraigne couronnée;Autre
Spispi;piaf;x;;;x;Spinus spinus;bird;Tarin des aulnes;Autre
Stralu;piaf;x;x;x;x;Strix aluco;bird;Chouette hulotte;Autre
Strdec;piaf;x;x;x;;Streptopelia decaocto;bird;Tourterelle turque;Autre
Stuvul;piaf;x;x;x;x;Sturnus vulgaris;bird;Etourneau sansonnet;Autre
Susscr;Susscr;x;;;;Sus scrofa;other mammal;Sanglier;Autre
Sylatr;piaf;x;x;x;x;Sylvia atricapilla;bird;Fauvette à tête noire;Autre
Sylbor;piaf;x;;;x;Sylvia borin;bird;Fauvette des jardins;Autre
Sylcan;piaf;x;;;;Sylvia cantillans;bird;Fauvette passerinette;Autre
Sylcom;piaf;x;x;x;x;Sylvia communis;bird;Fauvette grisette;Autre
Sylcur;piaf;x;;;x;Sylvia curruca;bird;Fauvette babillarde;Autre
Sylmel;piaf;x;x;x;x;Sylvia melanocephala;bird;Fauvette mélanocéphale;Autre
Sylund;piaf;x;;;x;Sylvia undata;bird;Fauvette pitchou;Autre
Tadten;Tadten;x;x;x;;Tadarida teniotis;bat;Molosse;Chauve-souris
Tamsib;Tamsib;x;;;;Tamias sibiricus;other mammal;Tamia de Sibérie;Autre
Tesori;Tesori;;;;;Tessellana orina;bush-cricket;Decticelle orina;Sauterelle
Testes;Testes;x;x;x;;Tessellana tessellata;bush-cricket;Decticelle carroyee;Sauterelle
Tetarg;Tetarg;x;;x;;Tettigetta argentata;cicada;Cigale argentee;Autre
Tetcan;Tetcan;x;x;x;;Tettigonia cantans;bush-cricket;Sauterelle cymbaliere;Sauterelle
Tethis;Tethis;;;x;;Tettigonia hispanica;bush-cricket;Sauterelle hispanique;Sauterelle
Tetpyg;Tetpyg;x;;x;;Tettigetta pygmea;cicada;Cigale pygmee;Autre
Tetvir;Tetvir;x;x;x;x;Tettigonia viridissima;bush-cricket;Sauterelle verte;Sauterelle
Thycor;Thycor;x;;x;;Thyreonotus corsicus;bush-cricket;Decticelle marocaine;Sauterelle
Trineb;piaf;x;;;x;Tringa nebularia;bird;Chevalier aboyeur;Autre
Trioch;piaf;x;;;x;Tringa ochropus;bird;Chevalier culblanc;Autre
Tritot;piaf;x;;;x;Tringa totanus;bird;Chevalier gambette;Autre
Trotro;piaf;x;x;x;x;Troglodytes troglodytes;bird;Troglodyte mignon;Autre
Turili;piaf;x;;;x;Turdus iliacus;bird;Grive mauvis;Autre
Turmer;piaf;x;x;x;x;Turdus merula;bird;Merle noir;Autre
Turphi;piaf;x;x;x;x;Turdus philomelos;bird;Grive musicienne;Autre
Turpil;piaf;x;x;x;x;Turdus pilaris;bird;Grive litorne;Autre
Turvis;piaf;x;;;x;Turdus viscivorus;bird;Grive draine;Autre
Tyllil;Tyllil;x;x;x;;Tylopsis lilifolia;bush-cricket;Phaneroptere liliace;Sauterelle
Tytalb;piaf;x;;;x;Tyto alba;bird;Effraie des clochers;Autre
Urobre;Urosp;x;;;;Uromenus brevicollis;bush-cricket;Ephippigère d'Algérie;Sauterelle
Urorug;Urosp;x;;x;;Uromenus rugosicollis;bush-cricket;Ephippigere carenee;Sauterelle
Urosp;Urosp;x;x;;;Uromenus sp.;bush-cricket;Ephippigère carénée/d'Algérie;Sauterelle
Vanvan;piaf;x;;;x;Vanellus vanellus;bird;Vanneau huppé;Autre
Vesmur;Vesmur;x;x;x;;Vespertilio murinus;bat;Serotine bicolore;Chauve-souris
Vulvul;Vulvul;x;;;x;Vulpes vulpes;other mammal;Renard roux;Autre
wind;noise;x;x;x;x;wind;noise;vent;Autre
wings;wings;x;;;x;wings;noise;battements;Autre
Yerbey;Yerbey;x;;;;Yersinella beybienkoi;bush-cricket;Decticelle italienne;Sauterelle
Yerray;Yerray;x;;x;;Yersinella raymondii;bush-cricket;Decticelle frele;Sauterelle
Zeuabb;Zeuabb;x;;x;;Zeuneriana abbreviata;bush-cricket;Decticelle aquitaine;Sauterelle
